start_station_id,end_station_id,line,direction,time
1001,1002,1号线,,3
1002,1001,1号线,,3
1002,1003,1号线,,2
1003,1002,1号线,,2
1003,1004,1号线,,2
1004,1003,1号线,,2
1004,1005,1号线,,2
1005,1004,1号线,,2
1005,1006,1号线,,2
1006,1005,1号线,,2
1006,1007,1号线,,2
1007,1006,1号线,,2
1007,1008,1号线,,2
1008,1007,1号线,,2
1008,1009,1号线,,2
1009,1008,1号线,,2
1009,1010,1号线,,2
1010,1009,1号线,,2
1010,1011,1号线,,2
1011,1010,1号线,,2
1011,1012,1号线,,2
1012,1011,1号线,,2
1012,1013,1号线,,2
1013,1012,1号线,,2
1013,1014,1号线,,2
1014,1013,1号线,,2
1014,1015,1号线,,2
1015,1014,1号线,,2
1015,1016,1号线,,2
1016,1015,1号线,,2
1016,1017,1号线,,2
1017,1016,1号线,,2
1017,1018,1号线,,2
1018,1017,1号线,,2
1018,1019,1号线,,2
1019,1018,1号线,,2
1019,1020,1号线,,2
1020,1019,1号线,,2
1020,1021,1号线,,2
1021,1020,1号线,,2
1021,1022,1号线,,2
1022,1021,1号线,,2
1022,1023,1号线,,2
1023,1022,1号线,,2
1023,1024,1号线,,2
1024,1023,1号线,,2
1024,1025,1号线,,3
1025,1024,1号线,,3
1025,1026,1号线,,2
1026,1025,1号线,,2
1026,1027,1号线,,2
1027,1026,1号线,,2
1027,1028,1号线,,2
1028,1027,1号线,,2
1029,1030,2号线,,3
1030,1029,2号线,,3
1030,1031,2号线,,3
1031,1030,2号线,,3
1031,1032,2号线,,4
1032,1031,2号线,,4
1032,1033,2号线,,2
1033,1032,2号线,,2
1033,1034,2号线,,2
1034,1033,2号线,,2
1034,1035,2号线,,2
1035,1034,2号线,,2
1035,1036,2号线,,2
1036,1035,2号线,,2
1036,1037,2号线,,2
1037,1036,2号线,,2
1037,1038,2号线,,2
1038,1037,2号线,,2
1038,1039,2号线,,2
1039,1038,2号线,,2
1039,1040,2号线,,2
1040,1039,2号线,,2
1040,1041,2号线,,2
1041,1040,2号线,,2
1041,1042,2号线,,2
1042,1041,2号线,,2
1042,1043,2号线,,2
1043,1042,2号线,,2
1043,1044,2号线,,2
1044,1043,2号线,,2
1044,1045,2号线,,3
1045,1044,2号线,,3
1045,1046,2号线,,2
1046,1045,2号线,,2
1046,1047,2号线,,2
1047,1046,2号线,,2
1047,1048,2号线,,3
1048,1047,2号线,,3
1048,1049,2号线,,2
1049,1048,2号线,,2
1049,1050,2号线,,2
1050,1049,2号线,,2
1050,1051,2号线,,4
1051,1050,2号线,,4
1051,1052,2号线,,3
1052,1051,2号线,,3
1052,1053,2号线,,2
1053,1052,2号线,,2
1053,1054,2号线,,3
1054,1053,2号线,,3
1054,1055,2号线,,4
1055,1054,2号线,,4
1055,1056,2号线,,3
1056,1055,2号线,,3
1056,1057,2号线,,4
1057,1056,2号线,,4
1057,1058,2号线,,2
1058,1057,2号线,,2
1059,1060,3号线,,2
1060,1059,3号线,,2
1060,1061,3号线,,2
1061,1060,3号线,,2
1061,1062,3号线,,2
1062,1061,3号线,,2
1062,1063,3号线,,2
1063,1062,3号线,,2
1063,1064,3号线,,2
1064,1063,3号线,,2
1064,1065,3号线,,2
1065,1064,3号线,,2
1065,1066,3号线,,2
1066,1065,3号线,,2
1066,1067,3号线,,3
1067,1066,3号线,,3
1067,1068,3号线,,2
1068,1067,3号线,,2
1068,1069,3号线,,2
1069,1068,3号线,,2
1069,1070,3号线,,2
1070,1069,3号线,,2
1070,1071,3号线,,2
1071,1070,3号线,,2
1071,1072,3号线,,3
1072,1071,3号线,,3
1072,1073,3号线,,2
1073,1072,3号线,,2
1073,1074,3号线,,2
1074,1073,3号线,,2
1074,1075,3号线,,2
1075,1074,3号线,,2
1075,1076,3号线,,2
1076,1075,3号线,,2
1076,1077,3号线,,2
1077,1076,3号线,,2
1077,1078,3号线,,2
1078,1077,3号线,,2
1078,1079,3号线,,3
1079,1078,3号线,,3
1079,1080,3号线,,2
1080,1079,3号线,,2
1080,1081,3号线,,2
1081,1080,3号线,,2
1081,1082,3号线,,2
1082,1081,3号线,,2
1082,1083,3号线,,2
1083,1082,3号线,,2
1083,1084,3号线,,2
1084,1083,3号线,,2
1084,1085,3号线,,2
1085,1084,3号线,,2
1085,1086,3号线,,2
1086,1085,3号线,,2
1086,1087,3号线,,3
1087,1086,3号线,,3
1088,1089,4号线,内圈,2
1089,1090,4号线,内圈,2
1090,1091,4号线,内圈,2
1091,1092,4号线,内圈,2
1092,1093,4号线,内圈,2
1093,1094,4号线,内圈,2
1094,1095,4号线,内圈,2
1095,1096,4号线,内圈,2
1096,1097,4号线,内圈,2
1097,1098,4号线,内圈,2
1098,1099,4号线,内圈,3
1099,1100,4号线,内圈,2
1100,1101,4号线,内圈,2
1101,1102,4号线,内圈,3
1102,1103,4号线,内圈,2
1103,1104,4号线,内圈,2
1104,1105,4号线,内圈,2
1105,1106,4号线,内圈,2
1106,1107,4号线,内圈,2
1107,1108,4号线,内圈,2
1108,1109,4号线,内圈,3
1109,1110,4号线,内圈,2
1110,1111,4号线,内圈,2
1111,1112,4号线,内圈,2
1112,1113,4号线,内圈,2
1113,1088,4号线,内圈,2
1089,1088,4号线,外圈,2
1090,1089,4号线,外圈,2
1091,1090,4号线,外圈,2
1092,1091,4号线,外圈,2
1093,1092,4号线,外圈,2
1094,1093,4号线,外圈,2
1095,1094,4号线,外圈,2
1096,1095,4号线,外圈,2
1097,1096,4号线,外圈,2
1098,1097,4号线,外圈,2
1099,1098,4号线,外圈,3
1100,1099,4号线,外圈,2
1101,1100,4号线,外圈,2
1102,1101,4号线,外圈,3
1103,1102,4号线,外圈,2
1104,1103,4号线,外圈,2
1105,1104,4号线,外圈,2
1106,1105,4号线,外圈,2
1107,1106,4号线,外圈,2
1108,1107,4号线,外圈,2
1109,1108,4号线,外圈,3
1110,1109,4号线,外圈,2
1111,1110,4号线,外圈,2
1112,1111,4号线,外圈,2
1113,1112,4号线,外圈,2
1088,1113,4号线,外圈,2
1114,1115,5号线,,3
1115,1114,5号线,,3
1115,1116,5号线,,2
1116,1115,5号线,,2
1116,1117,5号线,,2
1117,1116,5号线,,2
1117,1118,5号线,,3
1118,1117,5号线,,3
1118,1119,5号线,,3
1119,1118,5号线,,3
1119,1120,5号线,,3
1120,1119,5号线,,3
1120,1121,5号线,,2
1121,1120,5号线,,2
1121,1122,5号线,,2
1122,1121,5号线,,2
1122,1123,5号线,,2
1123,1122,5号线,,2
1123,1124,5号线,,2
1124,1123,5号线,,2
1120,1125,5号线,,3
1125,1120,5号线,,3
1125,1126,5号线,,2
1126,1125,5号线,,2
1126,1127,5号线,,2
1127,1126,5号线,,2
1127,1128,5号线,,2
1128,1127,5号线,,2
1128,1129,5号线,,2
1129,1128,5号线,,2
1129,1130,5号线,,3
1130,1129,5号线,,3
1130,1131,5号线,,3
1131,1130,5号线,,3
1131,1132,5号线,,2
1132,1131,5号线,,2
1132,1133,5号线,,2
1133,1132,5号线,,2
1133,1134,5号线,,3
1134,1133,5号线,,3
1134,1135,5号线,,2
1135,1134,5号线,,2
1136,1137,6号线,,3
1137,1136,6号线,,3
1137,1138,6号线,,2
1138,1137,6号线,,2
1138,1139,6号线,,2
1139,1138,6号线,,2
1139,1140,6号线,,2
1140,1139,6号线,,2
1140,1141,6号线,,2
1141,1140,6号线,,2
1141,1142,6号线,,2
1142,1141,6号线,,2
1142,1143,6号线,,2
1143,1142,6号线,,2
1143,1144,6号线,,2
1144,1143,6号线,,2
1144,1145,6号线,,2
1145,1144,6号线,,2
1145,1146,6号线,,2
1146,1145,6号线,,2
1146,1147,6号线,,2
1147,1146,6号线,,2
1147,1148,6号线,,2
1148,1147,6号线,,2
1148,1149,6号线,,2
1149,1148,6号线,,2
1149,1150,6号线,,2
1150,1149,6号线,,2
1150,1151,6号线,,2
1151,1150,6号线,,2
1151,1152,6号线,,2
1152,1151,6号线,,2
1152,1153,6号线,,2
1153,1152,6号线,,2
1153,1154,6号线,,2
1154,1153,6号线,,2
1154,1155,6号线,,2
1155,1154,6号线,,2
1155,1156,6号线,,2
1156,1155,6号线,,2
1156,1157,6号线,,2
1157,1156,6号线,,2
1157,1158,6号线,,2
1158,1157,6号线,,2
1158,1159,6号线,,2
1159,1158,6号线,,2
1159,1160,6号线,,2
1160,1159,6号线,,2
1160,1161,6号线,,2
1161,1160,6号线,,2
1161,1162,6号线,,2
1162,1161,6号线,,2
1162,1163,6号线,,3
1163,1162,6号线,,3
1164,1165,7号线,,3
1165,1164,7号线,,3
1165,1166,7号线,,2
1166,1165,7号线,,2
1166,1167,7号线,,2
1167,1166,7号线,,2
1167,1168,7号线,,3
1168,1167,7号线,,3
1168,1169,7号线,,3
1169,1168,7号线,,3
1169,1170,7号线,,2
1170,1169,7号线,,2
1170,1171,7号线,,2
1171,1170,7号线,,2
1171,1172,7号线,,2
1172,1171,7号线,,2
1172,1173,7号线,,2
1173,1172,7号线,,2
1173,1174,7号线,,2
1174,1173,7号线,,2
1174,1175,7号线,,2
1175,1174,7号线,,2
1175,1176,7号线,,2
1176,1175,7号线,,2
1176,1177,7号线,,2
1177,1176,7号线,,2
1177,1178,7号线,,2
1178,1177,7号线,,2
1178,1179,7号线,,2
1179,1178,7号线,,2
1179,1180,7号线,,2
1180,1179,7号线,,2
1180,1181,7号线,,2
1181,1180,7号线,,2
1181,1182,7号线,,2
1182,1181,7号线,,2
1182,1183,7号线,,2
1183,1182,7号线,,2
1183,1184,7号线,,2
1184,1183,7号线,,2
1184,1185,7号线,,2
1185,1184,7号线,,2
1185,1186,7号线,,3
1186,1185,7号线,,3
1186,1187,7号线,,2
1187,1186,7号线,,2
1187,1188,7号线,,2
1188,1187,7号线,,2
1188,1189,7号线,,2
1189,1188,7号线,,2
1189,1190,7号线,,2
1190,1189,7号线,,2
1190,1191,7号线,,2
1191,1190,7号线,,2
1191,1192,7号线,,3
1192,1191,7号线,,3
1192,1193,7号线,,2
1193,1192,7号线,,2
1193,1194,7号线,,2
1194,1193,7号线,,2
1194,1195,7号线,,2
1195,1194,7号线,,2
1196,1197,8号线,,2
1197,1196,8号线,,2
1197,1198,8号线,,2
1198,1197,8号线,,2
1198,1199,8号线,,2
1199,1198,8号线,,2
1199,1200,8号线,,2
1200,1199,8号线,,2
1200,1201,8号线,,2
1201,1200,8号线,,2
1201,1202,8号线,,2
1202,1201,8号线,,2
1202,1203,8号线,,2
1203,1202,8号线,,2
1203,1204,8号线,,2
1204,1203,8号线,,2
1204,1205,8号线,,2
1205,1204,8号线,,2
1205,1206,8号线,,2
1206,1205,8号线,,2
1206,1207,8号线,,2
1207,1206,8号线,,2
1207,1208,8号线,,2
1208,1207,8号线,,2
1208,1209,8号线,,2
1209,1208,8号线,,2
1209,1210,8号线,,2
1210,1209,8号线,,2
1210,1211,8号线,,2
1211,1210,8号线,,2
1211,1212,8号线,,2
1212,1211,8号线,,2
1212,1213,8号线,,2
1213,1212,8号线,,2
1213,1214,8号线,,2
1214,1213,8号线,,2
1214,1215,8号线,,3
1215,1214,8号线,,3
1215,1216,8号线,,2
1216,1215,8号线,,2
1216,1217,8号线,,2
1217,1216,8号线,,2
1217,1218,8号线,,2
1218,1217,8号线,,2
1218,1219,8号线,,2
1219,1218,8号线,,2
1219,1220,8号线,,2
1220,1219,8号线,,2
1220,1221,8号线,,4
1221,1220,8号线,,4
1221,1222,8号线,,2
1222,1221,8号线,,2
1222,1223,8号线,,2
1223,1222,8号线,,2
1223,1224,8号线,,2
1224,1223,8号线,,2
1224,1225,8号线,,2
1225,1224,8号线,,2
1226,1227,9号线,,2
1227,1226,9号线,,2
1227,1228,9号线,,2
1228,1227,9号线,,2
1228,1229,9号线,,3
1229,1228,9号线,,3
1229,1230,9号线,,2
1230,1229,9号线,,2
1230,1231,9号线,,2
1231,1230,9号线,,2
1231,1232,9号线,,2
1232,1231,9号线,,2
1232,1233,9号线,,2
1233,1232,9号线,,2
1233,1234,9号线,,2
1234,1233,9号线,,2
1234,1235,9号线,,2
1235,1234,9号线,,2
1235,1236,9号线,,3
1236,1235,9号线,,3
1236,1237,9号线,,2
1237,1236,9号线,,2
1237,1238,9号线,,2
1238,1237,9号线,,2
1238,1239,9号线,,2
1239,1238,9号线,,2
1239,1240,9号线,,2
1240,1239,9号线,,2
1240,1241,9号线,,2
1241,1240,9号线,,2
1241,1242,9号线,,2
1242,1241,9号线,,2
1242,1243,9号线,,2
1243,1242,9号线,,2
1243,1244,9号线,,2
1244,1243,9号线,,2
1244,1245,9号线,,2
1245,1244,9号线,,2
1245,1246,9号线,,2
1246,1245,9号线,,2
1246,1247,9号线,,2
1247,1246,9号线,,2
1247,1248,9号线,,2
1248,1247,9号线,,2
1248,1249,9号线,,2
1249,1248,9号线,,2
1249,1250,9号线,,2
1250,1249,9号线,,2
1250,1251,9号线,,2
1251,1250,9号线,,2
1251,1252,9号线,,4
1252,1251,9号线,,4
1252,1253,9号线,,4
1253,1252,9号线,,4
1253,1254,9号线,,3
1254,1253,9号线,,3
1254,1255,9号线,,3
1255,1254,9号线,,3
1255,1256,9号线,,4
1256,1255,9号线,,4
1256,1257,9号线,,3
1257,1256,9号线,,3
1257,1258,9号线,,2
1258,1257,9号线,,2
1258,1259,9号线,,2
1259,1258,9号线,,2
1260,1261,10号线,,3
1261,1260,10号线,,3
1261,1262,10号线,,2
1262,1261,10号线,,2
1262,1263,10号线,,2
1263,1262,10号线,,2
1263,1264,10号线,,2
1264,1263,10号线,,2
1264,1265,10号线,,3
1265,1264,10号线,,3
1265,1266,10号线,,2
1266,1265,10号线,,2
1266,1267,10号线,,2
1267,1266,10号线,,2
1267,1268,10号线,,2
1268,1267,10号线,,2
1268,1269,10号线,,2
1269,1268,10号线,,2
1269,1270,10号线,,2
1270,1269,10号线,,2
1270,1271,10号线,,2
1271,1270,10号线,,2
1271,1272,10号线,,2
1272,1271,10号线,,2
1272,1273,10号线,,2
1273,1272,10号线,,2
1273,1274,10号线,,2
1274,1273,10号线,,2
1274,1275,10号线,,2
1275,1274,10号线,,2
1275,1276,10号线,,2
1276,1275,10号线,,2
1276,1277,10号线,,2
1277,1276,10号线,,2
1277,1278,10号线,,2
1278,1277,10号线,,2
1278,1279,10号线,,2
1279,1278,10号线,,2
1279,1280,10号线,,2
1280,1279,10号线,,2
1280,1281,10号线,,2
1281,1280,10号线,,2
1281,1282,10号线,,2
1282,1281,10号线,,2
1282,1283,10号线,,2
1283,1282,10号线,,2
1283,1284,10号线,,2
1284,1283,10号线,,2
1284,1285,10号线,,2
1285,1284,10号线,,2
1285,1286,10号线,,2
1286,1285,10号线,,2
1286,1287,10号线,,2
1287,1286,10号线,,2
1287,1288,10号线,,2
1288,1287,10号线,,2
1288,1289,10号线,,2
1289,1288,10号线,,2
1289,1290,10号线,,3
1290,1289,10号线,,3
1290,1291,10号线,,3
1291,1290,10号线,,3
1291,1292,10号线,,3
1292,1291,10号线,,3
1292,1293,10号线,,2
1293,1292,10号线,,2
1289,1294,10号线,,3
1294,1289,10号线,,3
1294,1295,10号线,,2
1295,1294,10号线,,2
1295,1296,10号线,,2
1296,1295,10号线,,2
1297,1298,11号线,,3
1298,1297,11号线,,3
1298,1299,11号线,,3
1299,1298,11号线,,3
1299,1300,11号线,,3
1300,1299,11号线,,3
1300,1301,11号线,,3
1301,1300,11号线,,3
1301,1302,11号线,,2
1302,1301,11号线,,2
1302,1303,11号线,,2
1303,1302,11号线,,2
1303,1304,11号线,,2
1304,1303,11号线,,2
1304,1305,11号线,,3
1305,1304,11号线,,3
1305,1306,11号线,,2
1306,1305,11号线,,2
1306,1307,11号线,,2
1307,1306,11号线,,2
1307,1308,11号线,,2
1308,1307,11号线,,2
1308,1309,11号线,,2
1309,1308,11号线,,2
1309,1310,11号线,,2
1310,1309,11号线,,2
1310,1311,11号线,,2
1311,1310,11号线,,2
1311,1312,11号线,,3
1312,1311,11号线,,3
1312,1313,11号线,,2
1313,1312,11号线,,2
1313,1314,11号线,,2
1314,1313,11号线,,2
1314,1315,11号线,,2
1315,1314,11号线,,2
1315,1316,11号线,,2
1316,1315,11号线,,2
1316,1317,11号线,,3
1317,1316,11号线,,3
1317,1318,11号线,,2
1318,1317,11号线,,2
1318,1319,11号线,,2
1319,1318,11号线,,2
1319,1320,11号线,,2
1320,1319,11号线,,2
1320,1321,11号线,,2
1321,1320,11号线,,2
1321,1322,11号线,,4
1322,1321,11号线,,4
1322,1323,11号线,,3
1323,1322,11号线,,3
1323,1324,11号线,,4
1324,1323,11号线,,4
1324,1325,11号线,,3
1325,1324,11号线,,3
1325,1326,11号线,,3
1326,1325,11号线,,3
1326,1327,11号线,,3
1327,1326,11号线,,3
1324,1328,11号线,,5
1328,1324,11号线,,5
1328,1329,11号线,,4
1329,1328,11号线,,4
1329,1330,11号线,,3
1330,1329,11号线,,3
1330,1331,11号线,,3
1331,1330,11号线,,3
1331,1332,11号线,,2
1332,1331,11号线,,2
1332,1333,11号线,,2
1333,1332,11号线,,2
1334,1335,12号线,,3
1335,1334,12号线,,3
1335,1336,12号线,,2
1336,1335,12号线,,2
1336,1337,12号线,,2
1337,1336,12号线,,2
1337,1338,12号线,,2
1338,1337,12号线,,2
1338,1339,12号线,,2
1339,1338,12号线,,2
1339,1340,12号线,,2
1340,1339,12号线,,2
1340,1341,12号线,,2
1341,1340,12号线,,2
1341,1342,12号线,,2
1342,1341,12号线,,2
1342,1343,12号线,,2
1343,1342,12号线,,2
1343,1344,12号线,,2
1344,1343,12号线,,2
1344,1345,12号线,,2
1345,1344,12号线,,2
1345,1346,12号线,,2
1346,1345,12号线,,2
1346,1347,12号线,,2
1347,1346,12号线,,2
1347,1348,12号线,,2
1348,1347,12号线,,2
1348,1349,12号线,,2
1349,1348,12号线,,2
1349,1350,12号线,,2
1350,1349,12号线,,2
1350,1351,12号线,,2
1351,1350,12号线,,2
1351,1352,12号线,,2
1352,1351,12号线,,2
1352,1353,12号线,,2
1353,1352,12号线,,2
1353,1354,12号线,,2
1354,1353,12号线,,2
1354,1355,12号线,,2
1355,1354,12号线,,2
1355,1356,12号线,,2
1356,1355,12号线,,2
1356,1357,12号线,,2
1357,1356,12号线,,2
1357,1358,12号线,,2
1358,1357,12号线,,2
1358,1359,12号线,,2
1359,1358,12号线,,2
1359,1360,12号线,,2
1360,1359,12号线,,2
1360,1361,12号线,,2
1361,1360,12号线,,2
1361,1362,12号线,,2
1362,1361,12号线,,2
1362,1363,12号线,,2
1363,1362,12号线,,2
1363,1364,12号线,,2
1364,1363,12号线,,2
1364,1365,12号线,,2
1365,1364,12号线,,2
1366,1367,13号线,,2
1367,1366,13号线,,2
1367,1368,13号线,,2
1368,1367,13号线,,2
1368,1369,13号线,,2
1369,1368,13号线,,2
1369,1370,13号线,,2
1370,1369,13号线,,2
1370,1371,13号线,,2
1371,1370,13号线,,2
1371,1372,13号线,,2
1372,1371,13号线,,2
1372,1373,13号线,,2
1373,1372,13号线,,2
1373,1374,13号线,,2
1374,1373,13号线,,2
1374,1375,13号线,,2
1375,1374,13号线,,2
1375,1376,13号线,,2
1376,1375,13号线,,2
1376,1377,13号线,,2
1377,1376,13号线,,2
1377,1378,13号线,,2
1378,1377,13号线,,2
1378,1379,13号线,,2
1379,1378,13号线,,2
1379,1380,13号线,,2
1380,1379,13号线,,2
1380,1381,13号线,,2
1381,1380,13号线,,2
1381,1382,13号线,,2
1382,1381,13号线,,2
1382,1383,13号线,,2
1383,1382,13号线,,2
1383,1384,13号线,,2
1384,1383,13号线,,2
1384,1385,13号线,,2
1385,1384,13号线,,2
1385,1386,13号线,,2
1386,1385,13号线,,2
1386,1387,13号线,,2
1387,1386,13号线,,2
1387,1388,13号线,,2
1388,1387,13号线,,2
1388,1389,13号线,,2
1389,1388,13号线,,2
1389,1390,13号线,,2
1390,1389,13号线,,2
1390,1391,13号线,,2
1391,1390,13号线,,2
1391,1392,13号线,,3
1392,1391,13号线,,3
1392,1393,13号线,,2
1393,1392,13号线,,2
1393,1394,13号线,,2
1394,1393,13号线,,2
1394,1395,13号线,,2
1395,1394,13号线,,2
1395,1396,13号线,,2
1396,1395,13号线,,2
1397,1398,14号线,,2
1398,1397,14号线,,2
1398,1399,14号线,,2
1399,1398,14号线,,2
1399,1400,14号线,,2
1400,1399,14号线,,2
1400,1401,14号线,,2
1401,1400,14号线,,2
1401,1402,14号线,,2
1402,1401,14号线,,2
1402,1403,14号线,,2
1403,1402,14号线,,2
1403,1404,14号线,,2
1404,1403,14号线,,2
1404,1405,14号线,,2
1405,1404,14号线,,2
1405,1406,14号线,,2
1406,1405,14号线,,2
1406,1407,14号线,,2
1407,1406,14号线,,2
1407,1408,14号线,,2
1408,1407,14号线,,2
1408,1409,14号线,,2
1409,1408,14号线,,2
1409,1410,14号线,,2
1410,1409,14号线,,2
1410,1411,14号线,,2
1411,1410,14号线,,2
1411,1412,14号线,,2
1412,1411,14号线,,2
1412,1413,14号线,,3
1413,1412,14号线,,3
1413,1414,14号线,,2
1414,1413,14号线,,2
1414,1415,14号线,,2
1415,1414,14号线,,2
1415,1416,14号线,,2
1416,1415,14号线,,2
1416,1417,14号线,,2
1417,1416,14号线,,2
1417,1418,14号线,,2
1418,1417,14号线,,2
1418,1419,14号线,,2
1419,1418,14号线,,2
1419,1420,14号线,,2
1420,1419,14号线,,2
1420,1421,14号线,,2
1421,1420,14号线,,2
1421,1422,14号线,,2
1422,1421,14号线,,2
1422,1423,14号线,,2
1423,1422,14号线,,2
1423,1424,14号线,,2
1424,1423,14号线,,2
1424,1425,14号线,,2
1425,1424,14号线,,2
1425,1426,14号线,,2
1426,1425,14号线,,2
1426,1427,14号线,,2
1427,1426,14号线,,2
1428,1429,15号线,,3
1429,1428,15号线,,3
1429,1430,15号线,,2
1430,1429,15号线,,2
1430,1431,15号线,,2
1431,1430,15号线,,2
1431,1432,15号线,,2
1432,1431,15号线,,2
1432,1433,15号线,,2
1433,1432,15号线,,2
1433,1434,15号线,,2
1434,1433,15号线,,2
1434,1435,15号线,,3
1435,1434,15号线,,3
1435,1436,15号线,,2
1436,1435,15号线,,2
1436,1437,15号线,,2
1437,1436,15号线,,2
1437,1438,15号线,,2
1438,1437,15号线,,2
1438,1439,15号线,,2
1439,1438,15号线,,2
1439,1440,15号线,,2
1440,1439,15号线,,2
1440,1441,15号线,,2
1441,1440,15号线,,2
1441,1442,15号线,,2
1442,1441,15号线,,2
1442,1443,15号线,,2
1443,1442,15号线,,2
1443,1444,15号线,,2
1444,1443,15号线,,2
1444,1445,15号线,,2
1445,1444,15号线,,2
1445,1446,15号线,,2
1446,1445,15号线,,2
1446,1447,15号线,,3
1447,1446,15号线,,3
1447,1448,15号线,,2
1448,1447,15号线,,2
1448,1449,15号线,,2
1449,1448,15号线,,2
1449,1450,15号线,,2
1450,1449,15号线,,2
1450,1451,15号线,,2
1451,1450,15号线,,2
1451,1452,15号线,,2
1452,1451,15号线,,2
1452,1453,15号线,,2
1453,1452,15号线,,2
1453,1454,15号线,,2
1454,1453,15号线,,2
1454,1455,15号线,,2
1455,1454,15号线,,2
1455,1456,15号线,,2
1456,1455,15号线,,2
1456,1457,15号线,,2
1457,1456,15号线,,2
1458,1459,16号线,,2
1459,1458,16号线,,2
1459,1460,16号线,,3
1460,1459,16号线,,3
1460,1461,16号线,,5
1461,1460,16号线,,5
1461,1462,16号线,,4
1462,1461,16号线,,4
1462,1463,16号线,,3
1463,1462,16号线,,3
1463,1464,16号线,,4
1464,1463,16号线,,4
1464,1465,16号线,,5
1465,1464,16号线,,5
1465,1466,16号线,,5
1466,1465,16号线,,5
1466,1467,16号线,,3
1467,1466,16号线,,3
1467,1468,16号线,,6
1468,1467,16号线,,6
1468,1469,16号线,,4
1469,1468,16号线,,4
1469,1470,16号线,,5
1470,1469,16号线,,5
1471,1472,17号线,,3
1472,1471,17号线,,3
1472,1473,17号线,,3
1473,1472,17号线,,3
1473,1474,17号线,,3
1474,1473,17号线,,3
1474,1475,17号线,,3
1475,1474,17号线,,3
1475,1476,17号线,,4
1476,1475,17号线,,4
1476,1477,17号线,,3
1477,1476,17号线,,3
1477,1478,17号线,,3
1478,1477,17号线,,3
1478,1479,17号线,,3
1479,1478,17号线,,3
1479,1480,17号线,,3
1480,1479,17号线,,3
1480,1481,17号线,,4
1481,1480,17号线,,4
1481,1482,17号线,,5
1482,1481,17号线,,5
1482,1483,17号线,,4
1483,1482,17号线,,4
1484,1485,18号线,,2
1485,1484,18号线,,2
1485,1486,18号线,,2
1486,1485,18号线,,2
1486,1487,18号线,,2
1487,1486,18号线,,2
1487,1488,18号线,,2
1488,1487,18号线,,2
1488,1489,18号线,,2
1489,1488,18号线,,2
1489,1490,18号线,,2
1490,1489,18号线,,2
1490,1491,18号线,,2
1491,1490,18号线,,2
1491,1492,18号线,,2
1492,1491,18号线,,2
1492,1493,18号线,,2
1493,1492,18号线,,2
1493,1494,18号线,,2
1494,1493,18号线,,2
1494,1495,18号线,,2
1495,1494,18号线,,2
1495,1496,18号线,,2
1496,1495,18号线,,2
1496,1497,18号线,,3
1497,1496,18号线,,3
1497,1498,18号线,,2
1498,1497,18号线,,2
1498,1499,18号线,,2
1499,1498,18号线,,2
1499,1500,18号线,,2
1500,1499,18号线,,2
1500,1501,18号线,,3
1501,1500,18号线,,3
1501,1502,18号线,,3
1502,1501,18号线,,3
1502,1503,18号线,,3
1503,1502,18号线,,3
1503,1504,18号线,,2
1504,1503,18号线,,2
1504,1505,18号线,,2
1505,1504,18号线,,2
1505,1506,18号线,,2
1506,1505,18号线,,2
1506,1507,18号线,,2
1507,1506,18号线,,2
1507,1508,18号线,,3
1508,1507,18号线,,3
1509,1510,市域机场线,,5
1510,1509,市域机场线,,5
1510,1511,市域机场线,,4
1511,1510,市域机场线,,4
1511,1512,市域机场线,,5
1512,1511,市域机场线,,5
1512,1513,市域机场线,,6
1513,1512,市域机场线,,6
1513,1514,市域机场线,,6
1514,1513,市域机场线,,6
1514,1515,市域机场线,,8
1515,1514,市域机场线,,8
1516,1517,浦江线,,2
1517,1516,浦江线,,2
1517,1518,浦江线,,2
1518,1517,浦江线,,2
1518,1519,浦江线,,2
1519,1518,浦江线,,2
1519,1520,浦江线,,2
1520,1519,浦江线,,2
1520,1521,浦江线,,2
1521,1520,浦江线,,2
1016,1040,换乘,,5
1040,1016,换乘,,5
1016,1210,换乘,,5
1210,1016,换乘,,5
1040,1210,换乘,,5
1210,1040,换乘,,5
1013,1071,换乘,,5
1071,1013,换乘,,5
1013,1097,换乘,,5
1097,1013,换乘,,5
1071,1097,换乘,,5
1097,1071,换乘,,5
1024,1059,换乘,,5
1059,1024,换乘,,5
1024,1446,换乘,,5
1446,1024,换乘,,5
1059,1446,换乘,,5
1446,1059,换乘,,5
1021,1244,换乘,,5
1244,1021,换乘,,5
1021,1310,换乘,,5
1310,1021,换乘,,5
1244,1310,换乘,,5
1310,1244,换乘,,5
1018,1282,换乘,,5
1282,1018,换乘,,5
1018,1352,换乘,,5
1352,1018,换乘,,5
1282,1352,换乘,,5
1352,1282,换乘,,5
1014,1350,换乘,,5
1350,1014,換乘,,5
1014,1377,换乘,,5
1377,1014,换乘,,5
1350,1377,换乘,,5
1377,1350,换乘,,5
1022,1088,换乘,,5
1088,1022,换乘,,5
1019,1182,换乘,,5
1182,1019,换乘,,5
1023,1358,换乘,,5
1358,1023,换乘,,5
1028,1114,换乘,,5
1114,1028,换乘,,5
1044,1104,换乘,,5
1104,1044,换乘,,5
1044,1152,换乘,,5
1152,1044,换乘,,5
1044,1236,换乘,,5
1236,1044,换乘,,5
1104,1152,换乘,,5
1152,1104,换乘,,5
1104,1236,换乘,,5
1236,1104,换乘,,5
1152,1236,换乘,,5
1236,1152,换乘,,5
1047,1194,换乘,,5
1194,1047,换乘,,5
1047,1458,换乘,,5
1458,1047,换乘,,5
1047,1497,换乘,,5
1497,1047,换乘,,5
1194,1458,换乘,,5
1458,1194,换乘,,5
1194,1497,换乘,,5
1497,1194,换乘,,5
1458,1497,换乘,,5
1497,1458,换乘,,5
1030,1293,换乘,,5
1293,1030,换乘,,5
1030,1471,换乘,,5
1471,1030,换乘,,5
1293,1471,换乘,,5
1471,1293,换乘,,5
1036,1066,换乘,,5
1066,1036,换乘,,5
1036,1092,换乘,,5
1092,1036,换乘,,5
1066,1092,换乘,,5
1092,1066,换乘,,5
1038,1181,换乘,,5
1181,1038,换乘,,5
1038,1409,换乘,,5
1409,1038,换乘,,5
1181,1409,换乘,,5
1409,1181,换乘,,5
1031,1292,换乘,,5
1292,1031,换乘,,5
1031,1509,换乘,,5
1509,1031,换乘,,5
1292,1509,换乘,,5
1509,1292,换乘,,5
1037,1312,换乘,,5
1312,1037,换乘,,5
1041,1278,换乘,,5
1278,1041,换乘,,5
1068,1094,换乘,,5
1094,1068,换乘,,5
1068,1314,换乘,,5
1314,1068,换乘,,5
1068,1407,换乘,,5
1407,1068,换乘,,5
1094,1314,换乘,,5
1314,1094,换乘,,5
1094,1407,换乘,,5
1407,1094,换乘,,5
1314,1407,换乘,,5
1407,1314,换乘,,5
1063,1089,换乘,,5
1089,1063,换乘,,5
1063,1245,换乘,,5
1245,1063,换乘,,5
1089,1245,换乘,,5
1245,1089,换乘,,5
1064,1090,换乘,,5
1090,1064,换乘,,5
1064,1285,换乘,,5
1285,1064,换乘,,5
1090,1285,换乘,,5
1285,1090,换乘,,5
1067,1093,换乘,,5
1093,1067,换乘,,5
1067,1372,换乘,,5
1372,1067,换乘,,5
1093,1372,换乘,,5
1372,1093,换乘,,5
1069,1095,换乘,,5
1095,1069,换乘,,5
1069,1178,换乘,,5
1178,1069,换乘,,5
1095,1178,换乘,,5
1178,1095,换乘,,5
1061,1357,换乘,,5
1357,1061,换乘,,5
1072,1098,换乘,,5
1098,1072,换乘,,5
1074,1206,换乘,,5
1206,1074,换乘,,5
1079,1484,换乘,,5
1484,1079,换乘,,5
1099,1275,换乘,,5
1275,1099,换乘,,5
1101,1345,换乘,,5
1345,1101,换乘,,5
1103,1415,换乘,,5
1415,1103,换乘,,5
1105,1153,换乘,,5
1153,1105,换乘,,5
1106,1154,换乘,,5
1154,1106,换乘,,5
1109,1214,换乘,,5
1214,1109,换乘,,5
1111,1354,换乘,,5
1354,1111,换乘,,5
1112,1184,换乘,,5
1184,1112,换乘,,5
1163,1220,换乘,,5
1220,1163,换乘,,5
1163,1305,换乘,,5
1305,1163,换乘,,5
1220,1305,换乘,,5
1305,1220,换乘,,5
1136,1261,换乘,,5
1261,1136,换乘,,5
1143,1338,换乘,,5
1338,1143,换乘,,5
1157,1190,换乘,,5
1190,1157,换乘,,5
1168,1428,换乘,,5
1428,1168,换乘,,5
1179,1375,换乘,,5
1375,1179,换乘,,5
1183,1243,换乘,,5
1243,1183,换乘,,5
1185,1355,换乘,,5
1355,1185,换乘,,5
1188,1216,换乘,,5
1216,1188,换乘,,5
1204,1273,换乘,,5
1273,1204,换乘,,5
1209,1349,换乘,,5
1349,1209,换乘,,5
1211,1411,换乘,,5
1411,1211,换乘,,5
1212,1280,换乘,,5
1280,1212,换乘,,5
1213,1239,换乘,,5
1239,1213,换乘,,5
1217,1385,换乘,,5
1385,1217,换乘,,5
1225,1516,换乘,,5
1516,1225,换乘,,5
1229,1334,换乘,,5
1334,1229,换乘,,5
1233,1421,换乘,,5
1421,1233,换乘,,5
1235,1495,换乘,,5
1495,1235,换乘,,5
1240,1381,换乘,,5
1381,1240,换乘,,5
1242,1353,换乘,,5
1353,1242,换乘,,5
1246,1444,换乘,,5
1444,1246,换乘,,5
1271,1488,换乘,,5
1488,1271,换乘,,5
1281,1380,换乘,,5
1380,1281,换乘,,5
1284,1311,换乘,,5
1311,1284,换乘,,5
1300,1460,换乘,,5
1460,1300,换乘,,5
1301,1501,换乘,,5
1501,1301,换乘,,5
1313,1373,换乘,,5
1373,1313,换乘,,5
1316,1405,换乘,,5
1405,1316,换乘,,5
1317,1435,换乘,,5
1435,1317,换乘,,5
1344,1491,换乘,,5
1491,1344,换乘,,5
1348,1277,换乘,,5
1277,1348,换乘,,5
1356,1308,换乘,,5
1308,1356,换乘,,5
1359,1445,换乘,,5
1445,1359,换乘,,5
1392,1459,换乘,,5
1459,1392,换乘,,5
1391,1500,换乘,,5
1500,1391,换乘,,5
1158,1386,换乘,,5
1386,1158,换乘,,5
1187,1384,换乘,,5
1384,1187,换乘,,5
1404,1436,换乘,,5
1436,1404,换乘,,5
1417,1493,换乘,,5
1493,1417,换乘,,5
1017,1410,换乘,,5
1410,1017,换乘,,5
1127,1457,换乘,,5
1457,1127,换乘,,5
1129,1451,换乘,,5
1451,1129,换乘,,5
1458,1497,换乘,,5
1497,1458,换乘,,5
1459,1392,换乘,,5
1392,1459,换乘,,5
1202,1490,换乘,,5
1490,1202,换乘,,5
1150,1494,换乘,,5
1494,1150,换乘,,5
1251,1510,换乘,,5
1510,1251,换乘,,5
1452,1511,换乘,,5
1511,1452,换乘,,5
